datamart.socrata.data-cityofchicago-org.6u8z-aubf,2023-05-05T01:33:18.534794Z
datamart.upload.dd6b73540cff4fe59e71892e4a75047b,2019-08-29T20:13:48.249931Z
datamart.upload.d5cff1264b974b0bb3e6008c314fdf16,2019-08-29T20:14:48.093625Z
datamart.upload.4eb2156e6a994f33ba71dd59f44c4c59,2019-08-29T20:13:48.646359Z
datamart.url.54f251dd89075077b3b76edfb2fcbbdd,2019-08-29T20:23:16.409283Z
datamart.socrata.data-cityofnewyork-us.2np7-5jsg,2020-03-23T22:11:00.815489Z
datamart.socrata.data-cityofnewyork-us.gi8d-wdg5,2020-03-23T22:11:00.229857Z
datamart.socrata.data-edmonton-ca.9unw-vz23,2020-10-24T22:55:48.619370Z
datamart.socrata.data-cityofnewyork-us.ghpb-fpea,2020-03-23T22:11:01.027666Z
datamart.socrata.data-edmonton-ca.yepf-actv,2020-10-24T22:55:51.599450Z
datamart.socrata.data-cityofnewyork-us.5gj9-2kzx,2022-05-11T01:31:03.083687Z
datamart.socrata.data-cityofnewyork-us.pkmi-4kfn,2022-05-11T01:31:07.097119Z
datamart.socrata.data-cityofnewyork-us.hvrh-b6nb,2022-05-11T01:31:01.435592Z
datamart.socrata.data-cityofnewyork-us.w7fs-fd9i,2022-05-11T01:31:03.688610Z
datamart.socrata.data-cityofnewyork-us.kxp8-n2sj,2022-05-11T01:31:03.222743Z
datamart.socrata.data-cityofnewyork-us.m6nq-qud6,2022-05-11T01:31:09.087455Z
datamart.socrata.data-cityofnewyork-us.biws-g3hs,2022-05-23T01:31:08.479230Z
datamart.socrata.data-cityofnewyork-us.t29m-gskq,2022-05-23T01:31:07.975409Z
datamart.socrata.data-cityofnewyork-us.q5mz-t52e,2022-05-11T01:31:05.024742Z
datamart.socrata.data-cityofnewyork-us.2upf-qytp,2022-05-11T01:31:02.445250Z
datamart.socrata.data-cityofnewyork-us.djnb-wcxt,2022-05-11T01:31:18.338285Z
datamart.socrata.data-cityofnewyork-us.f9tw-8p66,2022-07-22T01:31:16.699947Z
datamart.socrata.data-cityofnewyork-us.74wj-s5ij,2023-02-24T01:31:20.970031Z
datamart.socrata.data-cityofnewyork-us.gkne-dk5s,2023-02-24T01:31:04.003610Z
datamart.socrata.data-cityofnewyork-us.sp7n-275u,2023-05-05T01:31:22.422462Z
datamart.socrata.data-edmonton-ca.r6wa-aza4,2020-10-24T22:55:50.772104Z
datamart.socrata.data-cityofnewyork-us.y9b6-624z,2023-04-28T01:31:34.938026Z
datamart.socrata.data-cityofnewyork-us.ht4t-wzcm,2023-05-05T01:31:21.709898Z
datamart.socrata.data-cityofnewyork-us.avh4-h5hx,2020-03-23T22:11:07.084038Z
datamart.socrata.data-kingcounty-gov.vsdd-zfsi,2023-03-13T01:34:44.201466Z
datamart.socrata.data-cityofnewyork-us.rdxc-q253,2023-05-05T01:31:23.260904Z
datamart.socrata.data-edmonton-ca.mmqu-q3wx,2020-10-24T22:55:48.994406Z
datamart.socrata.data-cityofnewyork-us.2n4x-d97d,2020-03-23T22:11:00.364532Z
datamart.socrata.data-ny-gov.dp6s-fups,2020-03-30T16:51:44.181038Z
datamart.socrata.data-kcmo-org.x9c8-nw9m,2020-10-24T22:56:22.534849Z
datamart.socrata.data-cityofchicago-org.tfm3-3j95,2023-05-05T01:33:16.209670Z
datamart.socrata.opendata-maryland-gov.s7x9-aarw,2020-10-24T22:56:10.278874Z
datamart.socrata.data-kcmo-org.ch54-2d7f,2020-10-24T22:56:23.325625Z
datamart.socrata.data-lacounty-gov.ip44-wcqt,2020-10-24T22:57:29.376131Z
datamart.socrata.opendata-maryland-gov.ntnu-s899,2020-10-24T22:56:11.001106Z
datamart.socrata.opendata-maryland-gov.tmp8-b5cn,2020-10-24T22:56:10.928352Z
datamart.socrata.opendata-fcc-gov.6cjf-vuh4,2021-03-23T23:45:55.166761Z
datamart.socrata.opendata-maryland-gov.t2jw-tiu2,2020-10-24T22:56:10.813144Z
datamart.socrata.opendata-maryland-gov.57zf-pd4t,2020-10-24T22:56:09.475265Z
datamart.upload.a7a6594a4b004cee9de8229f5e351c82,2020-11-17T18:43:55.087472Z
datamart.socrata.data-cityofnewyork-us.uzcy-9puk,2022-05-11T01:31:07.047542Z
datamart.socrata.data-cityofnewyork-us.sxmw-f24h,2022-05-11T01:31:08.316998Z
datamart.socrata.data-cityofnewyork-us.aiww-p3af,2022-05-11T01:31:08.941121Z
datamart.socrata.data-cityofnewyork-us.hy4q-igkk,2022-05-11T01:31:07.880509Z
datamart.socrata.data-cityofnewyork-us.3rfa-3xsf,2022-05-11T01:31:02.487669Z
datamart.socrata.data-cityofnewyork-us.sqcr-6mww,2022-05-11T01:31:04.924632Z
datamart.socrata.data-cityofnewyork-us.yini-w76t,2022-05-11T01:31:04.478881Z
datamart.socrata.data-cityofnewyork-us.avz8-mqzz,2022-07-29T01:31:23.272006Z
datamart.socrata.data-cityofnewyork-us.7dfh-3irt,2023-01-02T01:31:16.717524Z
datamart.socrata.data-virginia-gov.vxb8-vgs7,2022-12-12T01:35:05.068598Z
datamart.socrata.data-cityofnewyork-us.m3yx-mvk4,2022-05-11T01:31:07.188967Z
datamart.socrata.data-cityofnewyork-us.a444-au9b,2022-05-11T01:31:12.147814Z
datamart.socrata.data-cityofchicago-org.uk68-3rjc,2023-04-28T01:33:35.724498Z
datamart.socrata.data-bayareametro-gov.ba3n-j79w,2022-11-16T01:35:50.396425Z
datamart.socrata.data-cityofnewyork-us.dg7a-jiz2,2023-05-05T01:31:22.680232Z
datamart.socrata.data-bayareametro-gov.j7ht-u3pq,2022-11-09T01:35:48.367716Z
datamart.socrata.data-sfgov-org.tzh6-6j82,2023-05-03T01:34:11.658769Z
datamart.socrata.data-cityofnewyork-us.ayeb-p4mv,2023-04-28T01:31:37.669220Z
datamart.socrata.data-cityofnewyork-us.rebk-rr49,2022-05-11T01:31:18.787799Z
datamart.socrata.data-cityofnewyork-us.yrt9-58g8,2022-05-11T01:31:04.968508Z
datamart.socrata.data-bayareametro-gov.c33n-96bi,2020-10-24T22:57:52.488164Z
datamart.socrata.data-virginia-gov.2ddi-u2pg,2022-12-09T01:35:33.154805Z
datamart.socrata.data-cityofchicago-org.97wa-y6ff,2023-05-05T01:33:16.124782Z
datamart.socrata.opendata-fcc-gov.cxk6-dh2v,2021-03-23T23:45:55.172123Z
datamart.socrata.data-cityofnewyork-us.6bqn-qdwq,2022-05-11T01:31:06.838908Z
datamart.socrata.opendata-maryland-gov.8hpm-qsj3,2020-10-24T22:56:10.059087Z
datamart.socrata.data-cityofnewyork-us.w9dc-u4ik,2022-05-11T01:31:06.629525Z
datamart.socrata.data-cityofnewyork-us.ph7v-u5f3,2022-05-11T01:31:04.105667Z
datamart.socrata.data-edmonton-ca.8w7c-i8cm,2023-05-05T01:32:30.455719Z
datamart.socrata.data-edmonton-ca.qnfr-227f,2020-10-24T22:55:49.474989Z
datamart.socrata.data-cityofchicago-org.n26f-ihde,2023-03-31T01:33:03.676878Z
datamart.socrata.data-cityofnewyork-us.ke6f-vhnd,2022-05-11T01:31:13.277366Z
datamart.socrata.data-cityofnewyork-us.u6nh-b56h,2022-05-11T01:31:07.391568Z
datamart.socrata.data-edmonton-ca.3cyd-j69j,2023-05-05T01:32:32.659650Z
datamart.socrata.data-novascotia-ca.evre-g8fr,2023-02-08T01:34:53.073463Z
datamart.socrata.data-bayareametro-gov.cu29-x83x,2020-10-24T22:57:53.312831Z
datamart.socrata.data-bayareametro-gov.9mau-as85,2020-10-24T22:57:52.867896Z
datamart.socrata.data-bayareametro-gov.h527-iddw,2020-10-24T22:57:53.341842Z
datamart.socrata.data-bayareametro-gov.i4be-6n9j,2020-10-24T22:57:52.763239Z
datamart.socrata.data-bayareametro-gov.srg7-f7nx,2020-10-24T22:57:53.267117Z
datamart.socrata.data-bayareametro-gov.cizf-84fb,2020-10-24T22:57:52.829674Z
datamart.socrata.data-bayareametro-gov.k6cx-uzep,2020-10-24T22:57:53.234610Z
datamart.socrata.data-sfgov-org.qmdj-wtj2,2020-03-30T16:51:39.778084Z
datamart.socrata.data-edmonton-ca.3cvu-pkdw,2020-10-24T22:55:53.452785Z
datamart.socrata.data-cityofnewyork-us.jb3k-j3gp,2023-05-05T01:31:20.661138Z
datamart.socrata.data-sfgov-org.v5uc-gana,2023-05-01T01:34:28.813765Z
datamart.socrata.data-edmonton-ca.f9kp-b6mh,2020-10-24T22:55:53.281901Z
datamart.socrata.data-cityofnewyork-us.2v9c-2k7f,2023-05-05T01:31:21.055878Z
datamart.socrata.data-bayareametro-gov.xcep-e2qd,2023-03-15T01:35:39.099739Z
datamart.socrata.data-bayareametro-gov.uhk5-xynh,2023-03-15T01:35:34.720438Z
datamart.socrata.data-bayareametro-gov.nmtw-k5b6,2023-03-15T01:35:35.294858Z
datamart.socrata.data-bayareametro-gov.jita-nnwk,2023-03-15T01:35:35.738552Z
datamart.socrata.data-bayareametro-gov.hkpi-phpb,2023-03-15T01:35:35.833976Z
datamart.socrata.data-bayareametro-gov.38ji-x4ga,2023-03-15T01:35:36.314206Z
datamart.socrata.data-bayareametro-gov.bdki-qawy,2023-03-15T01:35:36.899709Z
datamart.socrata.data-edmonton-ca.bubm-z6xm,2022-02-28T01:31:48.113619Z
datamart.zenodo.7705072.8cb89191-2806-4b3e-99f6-dc485859bc9a,2023-03-08T00:40:09.671767Z
datamart.socrata.data-edmonton-ca.mp5c-yhng,2020-10-24T22:55:51.845011Z
datamart.socrata.data-sfgov-org.nufj-bfbw,2023-04-14T01:33:52.791666Z
datamart.socrata.data-bts-gov.crem-w557,2023-04-28T01:36:06.618945Z
datamart.socrata.data-kcmo-org.9q2f-atb4,2021-11-15T01:32:29.485426Z
datamart.socrata.data-kcmo-org.2mcy-ub6y,2023-03-27T01:32:52.255805Z
datamart.socrata.data-edmonton-ca.y9sx-n6j7,2020-10-24T22:55:50.875588Z
datamart.zenodo.5779516.9d6567dd-fbc8-4aaa-b729-99fbcd6f35c8,2021-12-15T00:40:12.132796Z
